{
  "name": "Ergo Skree V1",
  "vendorId": "0x3435",
  "productId": "0x5356",
  "matrix": {
    "rows": 12,
    "cols": 6
  },
  "layouts": {
    "keymap": [
      [
        {
          "x": 2.25,
          "y": 1
        },
        "2,0",
        "3,0",
        "4,0",
        "5,0",
        {
          "x": 4
        },
        "6,0",
        "7,0",
        "8,0",
        "9,0"
      ],
      [
        {
          "y": -0.75,
          "w": 1.25
        },
        "0,0",
        "1,0",
        {
          "x": 12
        },
        "10,0",
        {
          "w": 1.25
        },
        "11,0"
      ],
      [
        {
          "x": 2.25,
          "y": -0.25
        },
        "2,1",
        "3,1",
        "4,1",
        "5,1",
        {
          "x": 4
        },
        "6,1",
        "7,1",
        "8,1",
        "9,1"
      ],
      [
        {
          "y": -0.75,
          "w": 1.25
        },
        "0,1",
        "1,1",
        {
          "x": 12
        },
        "10,1",
        {
          "w": 1.25
        },
        "11,1"
      ],
      [
        {
          "x": 2.25,
          "y": -0.25
        },
        "2,2",
        "3,2",
        "4,2",
        "5,2",
        {
          "x": 4
        },
        "6,2",
        "7,2",
        "8,2",
        "9,2"
      ],
      [
        {
          "y": -0.75,
          "w": 1.25
        },
        "0,2",
        "1,2",
        {
          "x": 12
        },
        "10,2",
        {
          "w": 1.25
        },
        "11,2"
      ],
      [
        {
          "x": 2.25,
          "y": -0.25
        },
        "2,3",
        "3,3",
        "4,3",
        "5,3",
        {
          "x": 4
        },
        "6,3",
        "7,3",
        "8,3",
        "9,3"
      ],
      [
        {
          "y": -0.75,
          "w": 1.25
        },
        "0,3",
        "1,3",
        {
          "x": 12
        },
        "10,3",
        {
          "w": 1.25
        },
        "11,3"
      ],
      [
        {
          "x": 2.25,
          "y": -0.25
        },
        "2,4",
        {
          "x": 10
        },
        "9,4"
      ],
      [
        {
          "x": 0.25,
          "y": -0.75
        },
        "0,4",
        "1,4",
        {
          "x": 12
        },
        "10,4",
        "11,4"
      ],
      [
        {
          "rx": 7.540051,
          "ry": 1.24897,
          "x": -1
        },
        "5,5",
        {
          "x": 1.4198979999999999
        },
        "5,6"
      ],
      [
        {
          "x": -1
        },
        "4,5",
        {
          "x": 1.4198979999999999
        },
        "4,6"
      ],
      [
        {
          "x": -1
        },
        "3,5",
        {
          "x": 1.4198979999999999
        },
        "3,6"
      ],
      [
        {
          "r": 15,
          "rx": 5.25,
          "ry": 4,
          "x": 1.5
        },
        "0,5"
      ],
      [
        {
          "x": 0.5,
          "h": 2
        },
        "5,4",
        "1,5"
      ],
      [
        {
          "x": 1.5
        },
        "2,5"
      ],
      [
        {
          "r": -15,
          "rx": 11.25,
          "x": -2.5
        },
        "2,6"
      ],
      [
        {
          "x": -2.5
        },
        "1,6",
        {
          "h": 2
        },
        "6,4"
      ],
      [
        {
          "x": -2.5
        },
        "0,6"
      ]
    ]
  }
}
